{
	"rooms": {
		"0": {
			"x": 9,
			"y": 5,
			"type": 1
		},
		"7": {
			"x": 4,
			"y": 8,
			"type": 0
		},
		"6": {
			"x": 1,
			"y": 5,
			"type": 0
		},
		"5": {
			"x": 9,
			"y": 3,
			"type": 0
		},
		"4": {
			"x": 16,
			"y": 5,
			"type": 0
		},
		"ddsgdg": {
			"x": 16,
			"y": 6,
			"type": 0
		},
		"2": {
			"x": 16,
			"y": 7,
			"type": 0
		},
		"1": {
			"x": 23,
			"y": 3,
			"type": -1
		}
	},
	"link": [
		[
			"1",
			"ddsgdg"
		],
		[
			"1",
			"2"
		],
		[
			"7",
			"6"
		],
		[
			"7",
			"4"
		],
		[
			"7",
			"2"
		],
		[
			"6",
			"5"
		],
		[
			"6",
			"0"
		],
		[
			"5",
			"ddsgdg"
		],
		[
			"5",
			"2"
		],
		[
			"4",
			"ddsgdg"
		],
		[
			"4",
			"2"
		],
		[
			"4",
			"0"
		]
	],
	"way": [
		[
			"L2-2",
			"L1-3"
		],
		[
			"L2-7",
			"L4-2",
			"L1-4",
			"L3-3"
		],
		[
			"L2-6",
			"L4-7",
			"L1-0",
			"L3-4"
		],
		[
			"L2-0",
			"L4-6",
			"L3-0"
		],
		[
			"L4-0"
		]
	]
}
